newstitle,newscomname
[아경 여론조사]'양자대결' 홍준표46.6%VS이재명39.3%..洪, 오차범위 밖 우세,아시아경제
중고 냉장고서 발견된 1억 주인 찾았다..생전 처분한 전재산,뉴스1
올해부터 동네의원 비급여 진료비 방문 없이 인터넷으로 확인 가능,뉴스1
이동학, 곽상도에 '뼈 있는 말'.."자기 자식 소중하면 남의 자식도 소중하지",디지털타임스
'50억 약속 클럽' 논란..이준석 "곽상도 외 서너명 더 제보",이데일리
[양담소]"싱글맘인 제가 세상을 떠나면 재산이 전 남편에게 갈 수도 있나요?",YTN
"백신 맞을래, 이혼 할래".. 많은 부부가 택한 제3의 길 [임상훈의 글로벌리포트],오마이뉴스
성주서 모더나 접종 20대 남성 열흘 뒤 벌초하다 쓰러져 사망,뉴스1
남해~여수 해저터널 뚫린다..80분→10분으로 단축,머니투데이
여성만 노린 못된손 딱걸렸다..시장 뒤집은 '3초 소매치기범' [영상],중앙일보
"누가 우리 딸 죽였는지 안다"..공군 女중사 유족, 실명·얼굴 공개,이데일리
국민의힘, 이재명 정조준 "곽상도도 수용했다, 특검 받아라",뉴스1
헌혈 후 뒤늦게 코로나 확진, 혈액 44% 수혈.. 환자들 사실 몰라,조선비즈
빠르면 6개월~1년 사이 마스크 벗을 수도,시사저널
'물 끓이려다'..건물 144채 붕괴 美 폰화재, 30대 기소,국민일보
동물단체들, 문 대통령 '개 식용 금지 검토'에 "더 없이 반가운 소식",한겨레
尹 "대장동 몸통 감옥" 저격에 이재명 측 "정치보복 공언 막말",머니투데이
문 대통령 "소상공인 버틸 여력 없다..단계적 일상회복 마냥 늦출 수 없어",뉴시스
문대통령 "개 식용 금지 검토".."소도 막아라" vs "전면금지해야",뉴스1
"가정 쑥대밭 됐다..자식 잘못 키운 죄 반성" 장제원 윤석열 캠프 상황실장 사퇴,매일경제
LH "대장동 사업철회 기점은 이명박 발언"..MB→LH사장→국회의원의 순차 압박,경향신문
[단독]남욱, 아내 이니셜 거꾸로 작명한 회사로 '빌딩 쇼핑',문화일보
"'도둑의힘' 놀림에 할 말 있나" 이재명 저격에.. 홍준표 "도둑 두목이 적반하장",세계일보
시간당 6200km..美국방부, 음속 5배 극초음속 무기 시험 성공,중앙일보
[단독]'대장동 1007억' 챙긴 남욱, 강남 노른자위 건물 샀다,문화일보
日홋카이도서 성게·연어 떼죽음..원인은?,세계일보
'술·담배 안 한 남편 AZ 맞고 사망.. 땅치고 후회' 아내 절규,이데일리
"지인 서울로 잘 모셔".. 소방서장, '119구급차 이송 지시' 물의,세계일보
중고 냉장고 바닥서 나온 현금다발 1억1000만원, 주인 찾았다,경향신문
'北, 전에 없던 미사일 쐈나'..극초음속 활공체 시험 가능성,뉴스1
커피 한잔 사는데 30분.. 스타벅스 다회용컵 무료 제공에 몰린 인파,조선비즈
[아경 여론조사]이재명·홍준표 안심 못해..이낙연·윤석열 바짝 추격,아시아경제
작년 韓 사망자 30만명 돌파 '역대최다'..OECD 자살률 1위 유지,아시아경제
'곽상도 의원직 사퇴' 내모는 이준석..대장동 역풍·2030 분노에 승부수,뉴스1
이낙연, 대장동 공격 '득보다 실' 발목 잡은 듯,프레시안
[영상]음주운전 사고 내더니..되레 낭심 걷어차고 행패,서울경제
"장제원, 배현진이 '아들 음주운전' 지적하자 직접 항의 전화 '말다툼'",프레시안
해도 너무하다..은행 명퇴금, 이제 정년을 돈으로 선보상,헤럴드경제
北 도발한 날, SLBM 쏘는 잠수함 공개한다..신채호함 진수식,중앙일보
경찰조사 김만배에게 이재명 언제 만났냐고 물으니..,데일리안
윤석열·홍준표, 이재명 양자대결 11%p 이상 앞서-여론조사공정,머니투데이
'버스비 70원'에서 '尹 주택청약'까지..서민 삶 모르는 정치인에 시민들 '분통',아시아경제
중고냉장고서 발견된 1억원대 현금뭉치 주인 찾았다,뉴시스
땀 닦은게 음란죄?..지하철 남성 무고한 여성의 황당 주장,쿠키뉴스
"5·18 때 광주 안왔다"→"다녀갔다"..진술 뒤집은 항공여단장,뉴스1
광화문 상가 '텅텅' 빈 이유 있었네..文정부 4년간 서울 상가 공실률 최대 19배↑,서울경제
장제원 "자식 잘못키웠다" 사과에도..'의원직 박탈' 15만 돌파,중앙일보
[아경 여론조사] 이재명·이낙연 앞서는 윤석열·홍준표,아시아경제
"백신 1~2차 접종간격 8주로 늘리면 사망자수 25% 감소",뉴스1
女동창생 '지인 능욕방'에 제보한 고등학생에 法 "전학 처분 따라야",중앙일보
