goodsname,goodsprice
푸르밀)웰치사과에이드250ML,1500
푸르밀)웰치포도에이드250ML,1500
해태)아침에사과한개500ML,1700
코카)썬키스트레몬에이드350ML,1500
코카)토레타500ML,1800
미닛메이드)오렌지350ML,1950
미닛메이드)포도350ML,1950
코카)환타파인PET600ML,1900
코카)태양의식후비법W차500ML,1800
맛진미채90G(냉장),5900
도톰한오징어25G,3500
대구노가리30G,3500
건포도30G,1000
바나나칩20G,1000
볶음땅콩35G,1000
볶음아몬드30G,1000
롯데)칠성사이다복숭아500ML,2100
롯데)칠성사이다청귤500ML,2100
빙그레)꿀맛우유240ML,1400
빙그레)단지우유한정판240ML,1400
매일)셀렉스프로틴드링크330ML,2900
매일)셀렉스프로틴복숭아330ML,2900
아침)꿀고구마(130G/진공포장),2200
아침)꿀단호박(100G/진공포장),2200
촉촉한꿀고구마(65G/봉),2800
꿀머군고구마(120G/봉),2800
샹달프)딸기쨈28G,1400
샹달프)무화과쨈28G,1400
샹달프)블루베리쨈28G,1400
샹달프)딸기쨈170G,6000
샹달프)블루베리쨈170G,6000
더스윗)틱톡젤리딸기3000,3000
더스윗)틱톡젤리복숭아3000,3000
더스윗)틱톡젤리포도3000,3000
맥심)TOP로스티라떼360ML,2400
맥심)TOP로스티블랙360ML,2400
맥심)TOP플라워피니시라떼360ML,2400
맥심)TOP플라워피니시블랙360ML,2400
서울F&B)설빙망고에이드250ML,1500
서울F&B)설빙자몽에이드250ML,1500
구르메)이즈니포션버터10G*8입,5500
구르메)스모크치즈디스크100G,3900
벤앤)민트초콜릿쿠키파인트473ML,11600
벤앤)바닐라파인트473ML,11600
벤앤)청키몽키파인트473ML,11600
벤앤)체리가르시아파인트473ML,11600
벤앤)초콜릿칩쿠키도우파인트473,11600
벤앤)커피버즈파인트473ML,11600
벤앤)트리플카라멜청크473ML,11600
벤앤)퍼지브라우니파인트473ML,11600
벤앤)하프베이크드473ML,11600
대림)블랙페퍼직화닭가슴살115G,3500
대림)샐러리케일직화닭가슴살115,3500
매일)99.89두유190ML,1000
매일)검은콩두유190ML,1000
매일)두유식이섬유190ML,1000
팜트리)궁중발효홍삼100ML,2200
CAFE25)블랙500ML,2500
CAFE25)헤이즐넛500ML,2500
삼립)오븐카카오파운드,1200
삼립)잼있는딸기쿠키,1000
삼립)잼있는사과쿠키,1000
투바이트)브라우니미니팩70G,2600
홈위드)수제초코쿠키,1500
홈위드)수제화이트쿠키,1500
가그린)오리지널380ML,4900
가그린)제로380ML,4900
가그린)오리지널100ML,1900
가그린)제로100ML,1900
하루온비말차단마스크5매입,3000
크리넥스)비말에어마스크1입,1100
메디안)잇몸과학치약스트롱민트,4500
쏘피)내몸에순한면라이너28P,4400
삼양)4가지치즈불닭볶음면(대컵),1600
삼양)4가지치즈불닭볶음면(봉지),1600
삼양)도전불닭비빔면(봉지),1200
삼양)불닭볶음면(대컵),1600
흥선)우주캔디1200,1200
HAO)밀크츄딸기맛1500,1500
HAO)밀크츄옥수수맛1500,1500
흥선)아이스붐딸기맛1500,1500
흥선)아이스붐레몬맛1500,1500
흥선)아이스붐복숭아맛1500,1500
흥선)아이스붐자몽맛1500,1500
매그넘)루비100ML,3600
매그넘)민트바100ML,3600
매그넘)아몬드바100ML,3600
매그넘)클래식바110ML,3600
덴마크)오리진돌체라떼250ML,2000
덴마크)오리진카페라떼250ML,2000
덴마크)오리진토피넛라떼250ML,2000
브레디크)무항생제인증우유450ML,1800
덴마크)요거밀왕초코링134G,1500
덴마크)요거밀카카오그래놀라132,1500
덴마크)얼라이브망고250ML,1500
덴마크)얼라이브머스캣청포도250,1500
덴마크)얼라이브블러드오렌지250,1500
덴마크)얼라이브스위티자몽250ML,1500
덴마크)슈레드피자치즈25G,1000
덴마크)인포켓치즈썸(2개입)40G,2000
덴마크)인포켓치즈20G,1300
덴마크)인포켓치즈라이트20G,1300
덴마크)딸기딸기우유300ML,1500
덴마크)모닝시리얼우유310ML,1500
덴마크)민트초코우유310ML,1500
덴마크)시나몬초코우유300ML,1500
덴마크)초코초코우유300ML,1500
덴마크)카페라떼(민트),1500
덴마크)커피커피우유300ML,1500
덴마크)요구르트딸기310ML,2000
덴마크)요구르트베리믹스310ML,2000
덴마크)요구르트복숭아310ML,2000
덴마크)요구르트사과310ML,2000
덴마크)요구르트청포도310ML,2000
덴마크)요구르트푸룬310ML,2000
덴마크)요구르트플레인310ML,2000
덴마크)커핑로드모카라떼300ML,2500
덴마크)커핑로드카페봉봉300ML,2500
샘표)게살푸팟퐁커리170G,4750
샘표)옐로마살라커리170G,4750
샘표)치킨마크니커리170G,4750
CJ)햇반210G(8입),12900
CJ)햇반(원형)210G,1950
CJ)비비고갈비탕400G,6500
CJ)비비고돼지고기김치찌개460G,6500
CJ)비비고스팸부대찌개460G,6500
CJ)비비고차돌된장찌개460G,6500
CJ)비비고소고기무국500G,4800
CJ)비비고소고기미역국500G,4800
CJ)비비고육개장500G,4800
CJ)비비고콩나물황태국500G,4800
CJ)BIG김치날치알밥(컵밥),5400
CJ)BIG스팸김치덮밥(컵밥),5400
CJ)BIG스팸마요덮밥(컵밥),5400
CJ)BIG치킨마요덮밥(컵밥),5400
CJ)햇반미역국밥(컵밥),4200
CJ)햇반사골곰탕국밥(컵밥),4200
CJ)햇반육개장국밥(컵밥),4200
CJ)햇반황태국밥(컵밥),4200
CJ)스팸김치덮밥(컵밥),4800
CJ)햇반간장계란덮밥(컵밥),4800
CJ)햇반강된장보리비빔밥(컵밥),4800
CJ)햇반김치날치알밥(컵밥),4800
CJ)햇반낙지콩나물비빔밥(컵밥),4800
CJ)햇반버터장조림비빔밥,4800
CJ)햇반불고기덮밥(컵밥),4800
CJ)햇반불닭마요덮밥(컵밥),4800
CJ)햇반설렁탕밥(컵밥),4800
CJ)햇반스팸마요덮밥(컵밥),4800
CJ)햇반제육덮밥(컵밥),4800
CJ)햇반참치마요덮밥(컵밥),4800
CJ)햇반치킨마요덮밥(컵밥),4800
CJ)햇반(발아현미밥)210G,2600
CJ)햇반(오곡밥)210G,2600
CJ)햇반(찰잡곡밥)210G,2600
CJ)햇반(흑미밥)210G,2600
CJ)햇반매일잡곡밥210G,2600
CJ)햇반200G(3입),5300
CJ)큰햇반300G,2700
켈로그)프로틴바30G,1400
켈로그)베리앤넛에너지바1400,1400
켈로그)첵스초코오리지널,1200
켈로그)크런치넛에너지바1200,1200
유어스)매운돼지갈비찜500G,8500
동원)상상육포40G(비프앤치즈),5500
동원)상상육포40G(스테이크),5500
동원)상상육포40G(안심),5500
이디야)스페셜골드블렌드20입,4800
이디야)스페셜모카블렌드20입,4800
코주부)무안양파육포40G,3400
코주부)의성마늘육포40G,3800
네스카페)수프리모아메리카노20,4200
네슬레)핫쵸코오리지날원컵,1100
수프리모)스위트아메리카노컵,1000
네스카페)수프리모골드20입,4900
네스카페)수프리모믹스20입,4900
신화)20촉촉오징어38G,4800
신화)오징어스틱20G,2800
신화)철판구이오징어와땅콩75G,4500
사조)살코기참치100G,2900
사조)살코기참치150G,3900
사조)365육포30G(구운),3800
사조)365육포30G(숯불바베큐),3800
사조)365육포30G(오리지널),3800
샘표)고추장고기볶음95G,3400
샘표)질러빠다간장쓰30G,4200
샘표)질러빠다갈릭쓰30G,4200
샘표)질러빠다콘쓰30G,4200
샘표)질러부드러운우육포30G,4000
정화)석쇠구이오징어볶음땅콩60G,6500
정화)정품오징어30G,5300
정화)부드러운단짠어포20G,1800
진주)천하장사육포갈릭45G,4800
CJ)맛밤80G,3500
CJ)스팸120G,3500
CJ)스팸340G,7800
CJ)스팸200G,5800
CJ)스팸25%라이트200G,5800
한성)일품도톰육포45G,5000
한성)일품쇠고기견과포35G,5000
맥널티)헤이즐넛병커피50G,4500
맥심)카누돌체라떼8입,4500
맥심)카누민트초코라떼8입,4500
머거본)초코츄러스아몬드25G,1200
머거본)꿀땅콩70G,1500
머거본)맛땅콩55G,1500
길림)김맛아몬드40G,2000
길림)인절미아몬드40G,2000
길림)카라멜솔티드아몬드40G,2000
길림)쿠키앤크림아몬드40G,2000
길림)흑임자아몬드40G,2000
세아)리얼다크캐슈넛40G,2500
세아)체다치즈캐슈넛,2500
아라움)바삭한천하장사30G,3500
매크로)레옹레몬사우어1500,1500
매크로)레옹자몽사우어1500,1500
위스트)알리바이다크맥스1000,1000
위스트)프리바이오틱스(복숭아),1500
위스트)프리바이오틱스(청포도),1500
동아)박카스맛젤리(신맛)1200,1200
동아)박카스맛젤리1200,1200
훼밀리)아폴로700,700
유어스(P)야쿠르트젤리1500,1500
해태)후렌치파이젤리(딸기)1500,1500
해태)후렌치파이젤리(사과)1500,1500
해태)연양갱900,900
해태)자유시간골드1000,1000
해태)자유시간아몬드1000,1000
해태)칼바카카오1000,1000
서주)비밀젤리1500,1500
서주)탱글탱글젤리(샤인머스켓),2000
서주)탱글탱글젤리(포도)2000,2000
일신)바주카레틀러즈1000,1000
워헤즈)올믹스업1800,1800
스위트)트롤리젖소모양젤리2000,2000
트롤리)타란튤라구미2000,2000
폴트)딸기타르트2500,2500
폴트)초콜릿헤이즐넛타르트2500,2500
보노미)페스튜리2000,2000
미성)허쉬다크&화이트칩1500,1500
허쉬)초콜릿칩쿠키1500,1500
허쉬)밀크초콜릿프레첼6500,6500
허쉬)쿠키앤크림프레첼6500,6500
청우)참깨스틱2000,2000
제이앤이)치즈카라멜팝콘1200,1200
롯데)에어베이크드쎈그레인55G,1500
롯데)에어베이크드케틀칩50G,1500
롯데)에어베이크드포테이토50G,1500
롯데)도리토스(갈비천왕)1500,1500
롯데)도리토스(나쵸치즈맛)1500,1500
롯데)도리토스양념치킨맛84G,1500
롯데)오잉1500,1500
롯데)오잉포차꾸잉칩60G,1500
롯데)꼬깔콘(매콤달콤)1500,1500
롯데)꼬깔콘고소한맛1500,1500
롯데)꼬깔콘군옥수수1500,1500
롯데)꼬깔콘새우마요맛1500,1500
롯데)꼬깔콘찰옥수수맛1500,1500
롯데)프로스펙스초단백질바1200,1200
롯데)프로스펙스초에너지바1200,1200
롯데)마가렛트1500,1500
롯데)칙촉시크릿80G,2000
롯데)몽쉘(딸기맛)3000,3000
롯데)몽쉘카카오3000,3000
롯데)몽쉘크림3000,3000
롯데)카스타드138G,3000
롯데)몬스터칙촉(쇼콜라)1200,1200
롯데)몬스터칙촉(쿠키앤크림)40G,1200
롯데)빈츠2400,2400
롯데)빈츠카페모카102G,2400
여리수)오레오웨이퍼롤(바닐라),1500
여리수)오레오웨이퍼롤(초코),1500
롯데)미니딸기샌드(5입),1800
롯데)미니땅콩샌드(5입),1800
롯데)미니연유샌드(5입),1800
롯데)미니흑임자크림샌드(5입),1800
해태)강원평창수2.0L,1500
해태)평창수프리미엄500ML,950
해태)복숭아봉봉340ML,1200
해태)포도봉봉340ML,1200
글라소)에너지500ML,2000
글라소)파워씨500ML,2000
조지아)고티카빈티지라떼270ML,2200
조지아)고티카빈티지블랙270ML,2200
조지아)고티카스위트아메270ML,2200
코카)흑당밀크티270ML,2200
코카)태양의마테차500ML,1400
순수향)한입갈비만두180G,2800
사세)버팔로윙봉220G,5900
반찬단지)오징어젓120G,3500
반찬단지)낙지젓120G,4500
롯데)빅핫도그140G,2400
해태)고향만두415G,4500
마늘닭근위볶음160G,6900
매콤직화오돌뼈볶음182G,6900
직화야채곱창볶음220G,6900
제주에어)불고기치즈피자100G,2500
제주에어)콤비네이션피자100G,2500
대상)안주야직화무뼈닭발160G,8900
대상)안주야직화불막창160G,8900
청정원)호밍스마포돼지양념구이,6900
청정원)호밍스춘천식치즈닭갈비,6900
대상)종가집마늘듬뿍김치80G,1500
대상)종가집핵매운김치70G,1500
종가집)맛김치130G,2000
종가집)맛김치75G,1200
종가집)볶음김치80G,1400
CJ)고메베이커리치즈볼135G,4800
CJ)고메베이커리피자볼135G,4800
CJ)비비고김치왕교자385G,4800
CJ)비비고매운왕교자315G,4800
CJ)비비고새우왕교자315G,4800
CJ)비비고왕교자420G,4800
CJ)숯불향닭강정200G,4800
CJ)숯불향바베큐바280G,4800
CJ)비비고수제만두고기200G,3500
CJ)비비고수제만두김치200G,3500
CJ)비비고찐만두168G,3200
CJ)비비고찐만두청양고추168G,3200
CJ)비비고김치치즈주먹밥100G,2500
CJ)비비고버터장조림주먹밥100G,2500
CJ)가쓰오우동(용기),3500
CJ)미정당쫄면볶이212G,3500
CJ)비엔나떡볶이300G,3200
CJ)얼큰우동221G,3500
오늘의)닭다리340G,7500
오늘의)반마리치킨400G,6900
오늘의)직화로구운불닭봉250G,7500
CJ)비비고베이컨김치볶음70G,1600
CJ)비비고김치200G,2700
CJ)비비고썰은배추김치100G,1500
CJ)비비고김치볶음80G,1400
CJ)비비고썰은배추김치60G,1000
CJ)워터젤리복숭아170ML,1800
CJ)워터젤리포도170ML,1800
CJ)쁘띠첼밀감160G,2000
CJ)쁘띠첼복숭아160G,2000
CJ)쁘띠첼포도160G,2000
아워홈)고추장삼겹살160G,6900
아워홈)오삼불고기160G,6900
삼양)라면밥오리지널250G,3500
삼립)동파육슬라이스200G,7900
삼립)순살학센슬라이스190G,7900
풀무원)국물떡볶이170G,2700
유어스(P)공화춘짬뽕육즙만두,3700
오뚜기)직화닭발150G,8900
오뚜기)새우볶음밥230G,3500
오뚜기)참치김치치즈볶음밥230G,3900
오뚜기)철판감자탕볶음밥230G,3900
오뚜기)컵피자콤비네이션,3800
오뚜기)불고기피자UNO180G,5500
오뚜기)콤비네이션피자UNO195G,5500
대림)한입피자고르곤졸라80G,1900
대림)한입피자콤비네이션80G,1900
풀무원)얇은피고기만두160G,3000
풀무원)얇은피김치만두160G,3000
명란크림파스타253G,3500
알리오올리오192.5G,3500
쫀득감자수제비192G,3400
행복담기)동의구운란2입,2100
리스테린)쿨민트100ML,2100
리스테린)쿨민트마일드100ML,2100
리스테린)쿨민트250ML,4300
페리오휴대용치약칫솔세트,3500
페리오)덴탈쿨링마우스스프레이,3500
에어닥터)일회용소형마스크(7입),6000
세이프크린)KF94방역마스크(5입),12000
동원)더킹크랩스(볼케이노)70G,1900
진주)천하장사BIG70G,2000
CJ)맥스봉치즈70G,2000
CJ)닭가슴살스테이크100G,2900
CJ)닭가슴살소시지80G,2000
CJ)직화구이꼬치바(청양)90G,2000
CJ)직화구이꼬치바90G,2000
CJ)모닝두부(클래식),1700
CJ)삼호어묵얼큰오뎅한그릇360G,2900
CJ)삼호어묵오뎅한그릇360G,2900
한성)크래미90G,2200
유어스)닭가슴살후랑크70G,1800
유어스)207소세지120G,2000
풀무원)고단백두부바60G,2500
롯데)에센뽀득프랑크70G,1800
유어스)반해바120G,3000
의성마늘프랑크140G(70G*2),3400
롯데)키스틱55G,1600
유어스)강철부대빅팜60G,1600
오리지널닭가슴살110G,2900
훈제닭가슴살110G,2900
대림)비엔나에꼬치다90G,2200
유어스)207후랑크120G,1800
대림)치즈쏙크라비아60G,2000
대림)랍스터킹128G,3100
HY)오늘의야채사과당근200ML,2000
HY)오늘의야채포도비트200ML,2000
에치와이)핫브루마카다미아모카,2500
에치와이)핫브루바닐라라떼270,2500
에치와이)콜드브루아메리카노270,2000
맥심)TOP심플리스무스라떼240ML,1800
맥심TOP)스위트아메리카노240ML,1800
맥심TOP)심플리스무스블랙240ML,1800
맥심)TOP너티카라멜라떼300ML,2200
맥심)TOP마일드라떼300ML(컵),2200
맥심)TOP볼드라떼300ML(컵),2200
맥심)TOP에스프레소라떼300ML,2200
맥심)TOP트루블랙300ML(컵),2200
서울)비요뜨(초코크리스피)142G,1400
서울)비요뜨(초코팝)143G,1400
서울)과즙이풍부한딸기우유220ML,2000
서울)과즙이풍부한애플망고우유,2000
서울)강릉커피라떼250ML,2300
서울)강릉커피블랙250ML,2300
서울)딸기우유300ML,1500
서울)민트초코라떼300ML,1500
서울)바나나우유300ML,1500
서울)살롱밀크티300ML,1500
서울)초코우유300ML,1500
서울)커피우유300ML,1500
남양)루카스더블샷라떼250ML,2000
남양)루카스라떼250ML,2000
남양)루카스아메리카노250ML,2000
남양)이오20S135ML,1000
남양)FC로스터리브라질옐로돌체,2000
남양)FC로스터리블랙글레이즈드,2000
남양)FC로스터리에스프레소라떼,2000
남양)FC로스터리카라멜리치,2000
남양)프렌치카페(벨벳비엔나모카,1500
남양)프렌치카페(카페오레),1500
남양)프렌치카페(카푸치노),1500
남양)프렌치카페카라멜마키아또,1500
유어스)메론우유300ML,1300
푸르밀)칼로바이곡물250ML,2500
푸르밀)칼로바이초코250ML,2500
푸르밀)설빙인절미라떼250ML,2300
푸르밀)설빙흑임자라떼250ML,2300
푸르밀)초코츄러스250ML,2000
푸르밀)비피더스블루베리300ML,1600
푸르밀)비피더스사과300ML,1600
푸르밀)카페베네카페라떼컵200ML,1600
푸르밀)카페베네카페모카컵200ML,1600
푸르밀)가나초코우유300ML,1500
푸르밀)검은콩우유300ML,1500
매일)상하미니칼슘체다치즈48G,2000
매일)상하미니크림치즈48G,2000
매일)아몬드브리즈식이섬유190ML,1200
매일)아몬드브리즈초코190ML,1200
매일)아몬드브리즈프로틴190ML,1200
매일)아몬드브리즈언스위트190ML,1000
매일)아몬드브리즈오리지널190ML,1000
매일)바이오드링킹딸기250ML,1800
매일)바이오드링킹블루베리250ML,1800
매일)바이오드링킹플레인250ML,1800
매일)과일야채샐러드그린190ML,1800
매일)과일야채샐러드녹황190ML,1800
매일)과일야채샐러드레드190ML,1800
매일)과일야채샐러드퍼플190ML,1800
매일)엔요280ML,1400
매일)바이오알로에요거트120G,1500
매일)바이오첵스초코122G,1500
유어스)달고나라떼250ML,2000
매일)카페라떼마일드,1600
매일)카페라떼카라멜,1600
매일)바리스타디카페인라떼325ML,2500
매일)바리스타바닐라빈라떼325ML,2500
매일)바리스타쇼콜라모카325ML,2500
매일)바리스타콜드브루블랙325ML,2500
매일)바리스타플라넬드립라떼325,2500
다논)요거톡스타볼133G,1400
다논)요거톡초코그래놀라130G,1400
다논)액티비아업딸기210ML,1900
다논)액티비아업복숭아210ML,1900
다논)액티비아업플레인210ML,1900
델몬트)콜드쥬스오렌지250ML,1400
델몬트)콜드쥬스포도250ML,1400
롯데)오가닉레드비트&배&토마토,1400
롯데)오가닉사과&당근125ML,1400
롯데)오가닉적포도&보라당근,1400
유어스(P)할리스리스트레또300ML,2500
유어스(P)할리스민트초코300ML,2500
유어스(P)할리스바닐라딜라이트,2500
유어스(P)할리스콜드브루300ML,2500
빙그레)더단백드링크초코250ML,2500
빙그레)따옴사과주스235ML,2000
빙그레)따옴오렌지주스235ML,2000
빙그레)따옴한라봉청귤235ML,2000
빙그레)스페셜티에티오피아460ML,2500
빙그레)스페셜티컵마끼아또300ML,2500
빙그레)스페셜티컵바닐라라떼300,2500
빙그레)스페셜티탄자니아460ML,2500
빙그레)요플레토핑다크초코,1500
빙그레)요플레토핑프레첼&초코,1500
빙그레)우유얌딸기300ML,1500
빙그레)우유얌초코300ML,1500
빙그레)커피얌300ML,1500
유어스)오늘의과일야채ABC190ML,1200
유어스)오늘의과일야채사과190ML,1200
유어스)오늘의과일야채포도190ML,1200
빙그레)통모짜스트링치즈18G,1200
빙그레)쥬시쿨금귤감귤250ML,1500
빙그레)쥬시쿨에이드사과250ML,1500
빙그레)프로틴딸기바나나210ML,2900
빙그레)프로틴플레인210ML,2900
프릴)베이킹소다퓨어레몬750ML,6500
퍼실)컬러젤액체세제1.35L(드럼),12900
엑토)5IIN1충전&데이터케이블,12000
페브리즈에어)다우니향275G,8500
크리넥스)여행용티슈70매,1200
좋은느낌라이너오가닉커버롱18,4000
라엘)유기농순면롱라이너18P,5000
라엘)유기농순면커버대형12P,8500
유어스)페퍼민트물티슈60매,4900
종근당)속청쿨75ML,1000
삼립)파스쿠찌클래식라떼275ML,2700
삼립)파스쿠찌골든삭아메275ML,2400
OKF)요구르트스파클링500ML,1800
OKF)알로에베라킹500ML,2000
OKF)워터멜론500ML,2000
농심)백산수500ML,950
농심)백산수2L,1700
천지개벽)한라봉스파클링355ML,1200
남양)십칠차500ML,1500
남양)FC킬링샷라떼500ML,2500
남양)FC킬링샷아메리카노500ML,2500
링티)제로복숭아맛500ML,2900
웅진)장쾌삼발효홍삼력세트[D2],39000
CJ)한뿌리마,2500
CJ)홍삼한뿌리,5000
CJ)인삼한뿌리,4000
롯데)숙취해소깨수깡160ML,5000
롯데)핫식스250ML,1500
롯데)핫식스팬시캔디250ML,1500
롯데)2%부족할때(복숭아)500ML,1800
롯데)2%부족할때자두500ML,1800
롯데)2%아쿠아500ML,1800
롯데)아이시스8.0(2.0L),1700
롯데)아이시스8.0(500ML),950
롯데)아이시스에코2L-PLU판매,1600
롯데)아이시스에코500ML-PLU판매,900
롯데)흑미숭늉차까늉500ML,1500
칸타타)콘트라베이스라떼PET500,2500
칸타타)콘트라베이스블랙PET500,2500
칸타타)콘트라베이스스윗PET500,2500
칸타타)땅콩크림라떼275ML,2200
칸타타)아메리카노275ML(NB캔),2200
칸타타)콜드브루블랙275ML(NB캔),2200
칸타타)프리미엄라떼275ML(NB캔),2200
롯데)레쓰비그란데라떼500ML,1800
롯데)레쓰비그란데헤이즐넛500ML,1800
트로피카나)스파클링망고355ML,1200
트로피카나)스파클링복숭아355ML,1200
트로피카나)스파클링오렌지355ML,1200
롯데)칠성사이다캔355ML,1700
롯데)칠성사이다제로1.5L,3600
동아)오로나민C120ML,1200
팜트리)궁중발효홍삼세트10입[D2,22000
정식품)고칼슘베지밀A팩190ML,1000
정식품)고칼슘베지밀B팩190ML,1000
정식품)베지밀검은콩팩190ML,1000
정식품)검은참깨두유팩190ML,1000
정식품)한끼두유팩190ML,1000
GS)샤인머스캣향스파클링350ML,1200
에이플)프로틴스파클링레몬라임,2000
가야)알로에농장500ML,1900
정식품)라잇미닛코코넛팩190ML,1300
정식품)베지밀B검은콩병190ML,1500
정식품)베지밀A병190ML,1400
진로)토닉워터제로300ML,1400
하이트)블랙보리520ML,1600
하이트)블랙보리라이트520ML,1500
정관장)아이키커사과100ML,1200
정관장)아이키커오렌지100ML,1200
정관장)홍삼원골드100ML(파우치),1500
활황)요구르트스파클링350ML,1500
카카오프렌즈)뉴복숭아워터410ML,1600
활황)우유스파클링350ML,1500
유동커피)제주녹차500ML,2000
유동커피)브루잉커피500ML,2500
유어스)진심가득수박330ML,1800
유어스)하늘가득사과330ML,1800
유어스)하늘가득유자레몬330ML,1800
유어스)하늘가득자몽330ML,1800
티블링)레몬그라스진저500ML,2500
티블링)캐모마일피치500ML,2500
일화)천연사이다350ML,1200
일화)맥콜PET1.25L,2500
일화)맥콜350ML,1500
한독)레디큐120ML,5000
한독)레디큐프로120ML,6000
레드불)에너지드링크250ML,2200
레드불)화이트에디션250ML,2200
동서)마스터라떼500ML,2500
동서)마스터바닐라500ML,2500
동서)마스터블랙500ML,2500
동서)마스터스위트블랙500ML,2500
동서)콜롬비아나블랙240ML,1200
동서)콜롬비아나아메리카노240ML,1200
동서)콜롬비아나카페라떼240ML,1200
맥심)TOP더블랙380ML,2900
맥심)TOP마스터라떼380ML,2900
맥심)TOP스위트아메리카노380ML,2900
맥심)TOP스모키라떼275ML,2400
맥심)TOP스모키블랙275ML,2400
맥심)TOP더블랙275ML,2200
맥심)TOP마스터라떼275ML,2200
맥심)TOP스위트아메리카노275ML,2200
모구모구큐브)리치320ML,1500
모구모구큐브)청포도320ML,1500
HK)헛개수1L,2500
HK)새싹차보리500ML,2000
HK)헛개수500ML,2000
HK)헛개수340ML,1500
HK)컨디션100ML,5000
HK)컨디션레이디100ML,5000
매일)바리스타그란데(라떼)475ML,2500
매일)바리스타그란데(아메)475ML,2500
롯데)레몬비타1000 140ML,1000
동원)보성홍차아이스티레몬500,2200
동원)보성홍차아이스티복숭아500,2200
동원)양반오미자차500ML,2200
유어스(P)지리산하동녹차500ML,2000
동원)보성녹차PET350ML,1200
오리온)닥터유단백질바나나240ML,2000
오리온)닥터유단백질초코240ML,2000
오리온)제주용암수530ML,1000
썬퓨어)제로칼로리레몬400ML,1800
썬퓨어)제로칼로리자몽400ML,1800
이디야)퓨레어레몬500ML,1700
이디야)퓨레어자몽500ML,1700
광동)흑미차500ML,2000
광동)비타민D100ML,1000
광동)헛개파워100ML,5000
광동)옥수수수염차이너브이500ML,2000
광동)솔표위청수골드75ML,1000
광동)돼지감자차500ML,1600
광동)우엉차500ML,1600
광동)헛개파워찐한포15ML,2500
광동)진한헛개차1L,2200
유어스)샤인머스캣500ML,1900
웅진)아침햇살340ML,1500
웅진)자연은토마토340ML,1500
웅진)초록매실340ML,1500
유어스)웅진팥차500ML,1500
웅진)광명찾은결명자차500ML,1500
웅진)누룽지차500ML,1500
웅진)옥수수수염차500ML,1500
웅진)티즐유자그린티500ML,2000
웅진)티즐피치우롱티500ML,2000
강철부대)아이온블루워터500ML,1800
강철부대)아이온워터500ML,1800
마즈)이클립스소프트레몬1500,1500
마즈)이클립스소프트페퍼1500,1500
마즈)이클립스스트로베리2500,2500
마즈)이클립스스피어민트2500,2500
마즈)이클립스페퍼민트2500,2500
마즈)이클립스피치2500,2500
마즈)스키틀즈사우워1000,1000
마즈)스니커즈헤이즐넛1900,1900
마즈)스니커즈피넛싱글1200,1200
마즈)트윅스1200,1200
마즈)M&MS밀크초콜릿1200,1200
마즈)M&MS크리스피1200,1200
마즈)M&MS피넛초콜릿1200,1200
페레로)로쉐T-5,3600
페레로)로쉐T-3,2200
델리팜)앤디스민트1500,1500
델리팜)앤디스토피크런치1500,1500
오리온)닥터유구미비타민1500,1500
오리온)닥터유구미아연1500,1500
오리온)닥터유구미콜라겐1500,1500
오리온)와우소다껌500,500
오리온)와우톡톡콜라껌500,500
오리온)와우포도껌500,500
크라운)새콤달콤(딸기)500,500
크라운)새콤달콤(레모네이드)500,500
크라운)새콤달콤(복숭아)500,500
크라운)새콤달콤(포도)500,500
크라운)새콤달콤블루베리소다500,500
크라운)키커미니500,500
크라운)땅콩카라멜2000,2000
크라운)키커바1000,1000
크라운)키커바시리얼1000,1000
롯데)죠스바아이스톡톡젤리2500,2500
롯데)키세스밀크2000,2000
롯데)키세스아몬드2000,2000
롯데)키세스쿠키앤크림2000,2000
롯데)가나다크밀크2000,2000
롯데)가나마일드2000,2000
롯데)가나밀크2000,2000
롯데)크런키민초볼1500,1500
롯데)크런키오땅볼1500,1500
롯데)크런키카쿠볼1500,1500
롯데)더블크런치쿠키앤크림1000,1000
롯데)크런키더블크런치1000,1000
롯데)크런키초코바1000,1000
롯데)크런키초콜릿1000,1000
롯데)말랑이유산균요거트맛3000,3000
롯데)말랑이유산균포도맛3000,3000
롯데)함소아자일리톨캔디2000,2000
롯데)초코말랑젤리딸기맛2000,2000
롯데)핵짱셔요콜라1000,1000
롯데)핵짱셔요후르츠1000,1000
롯데)목캔디1000,1000
롯데)목캔디믹스베리1000,1000
롯데)후라보노1000,1000
롯데)후라보노마일드1000,1000
롯데)후라보노아이스1000,1000
롯데)왓따딸기500,500
롯데)왓따복숭아500,500
롯데)왓따청포도500,500
롯데)왓따콜라500,500
롯데)왓따판박이(잔망루피)500,500
하늘)무민해피페이스젤리1500,1500
SM)플레쉬마이크팝1500,1500
광동)비타500젤리1200,1200
엠탑)아침에주스사과젤리1500,1500
엠탑)아침에주스포도젤리1500,1500
네슬레)프루팁스(대)3800,3800
네슬레)프루팁스리치맛(대)3800,3800
네슬레)프루팁스오리지널1000,1000
네슬레)프루팁스자몽맛1000,1000
네슬레)킷캣청키쿠키앤크림1200,1200
네슬레)킷캣핑거1200,1200
네슬레)킷캣팝스1500,1500
네슬레)킷캣오리지널800,800
네슬레)킷캣카라멜800,800
네슬레)킷캣쿠키크럼블800,800
네슬레)킷캣헤이즐넛800,800
에이스)봉평메밀소바칩45G,1500
에이스)브라운빠삭치즈볼42G,1500
프렌치프레첼,2800
농심)감자깡1500,1500
농심)감튀레드칠리맛60G,1500
농심)고구마깡1500,1500
농심)옥수수깡70G,1500
해태)에이스121G,1700
해태)에이스뉴욕치즈케이크121G,1700
해태)구운감자900,900
해태)맛동산2000,2000
해태)맛동산블랙90G,2000
해태)두꺼비감자칩60G,1500
해태)허니버터칩프로마쥬블랑60G,1500
해태)무지방우유홈런볼46G,1700
해태)초코홈런볼46G,1700
오리온)닥터유에너지바1200,1200
오리온)닥터유에너지바호두40G,1200
Y)스윙칩X다운타우너감자칩,1500
오리온)땅콩강정1500,1500
오리온)마켓오오징어톡80G,1500
오리온)고추칩53G,1200
대상)맛소금팝콘55G,1500
동서)리츠레몬샌드1900,1900
리츠샌드위치크래커1900,1900
오레오)웨하스스틱초코2500,2500
동서)오레오민트초코80G,1700
동서)오레오씬즈바닐라무스1700,1700
오레오)씬즈초코무스84G,1700
크라운)카라멜&땅콩1200,1200
크라운)콘초코1200,1200
크라운)콘치즈1200,1200
크라운)못말리는신짱1500,1500
크라운)츄러스허니시나몬맛1500,1500
크라운)콘칩핫멕시칸70G,1500
크라운)산도(딸기)161G,2500
크라운)산도(크림)161G,2500
크라운)버터와플3000,3000
크라운)쿠크다스3000,3000
크라운)쿠크다스비엔나커피3000,3000
네스퀵)초코웨하스1200,1200
삼양)초코짱구100G,1500
오리온)초코파이민트초코336G,3800
글로브)마라깡40G,1500
흥선)밀크밥55G,1200
흥선)캬라멜콘볼65G,1200
페낭)화이트커리라면(용기),2200
대상)미원라면(대컵),1700
농심)무파마큰사발,1700
농심)사천짜파게티큰사발,1700
농심)신라면블랙두부김치(대컵),1700
농심)신라면블랙사발,1700
농심)김치큰사발,1250
농심)우육탕큰사발,1250
농심)짜파게티큰사발,1250
농심)멸치칼국수(봉지),1000
농심)배홍동비빔면(봉지),1050
농심)무파마탕면(봉지),1250
오뚜기)참깨라면(봉지),1250
오뚜기)진짬뽕(봉지),1700
오뚜기)컵누들매콤찜닭맛(소컵),1600
오뚜기)순후추라면매운맛(대컵),1800
오뚜기)진진짜라(대컵),1800
오뚜기)진짬뽕(대컵),1800
오뚜기)크림진짬뽕(대컵),1800
오뚜기)후추라면사골곰탕(대컵),1800
오뚜기)육개장(소컵),950
동서)단백질바50G,1700
동서)오곡코코볼바25G,1200
동서)콘푸라이트베리요거트바27G,1200
매일)셀렉스프로틴너츠바50G,1600
반찬단지)간장고추120G,3500
반찬단지)마늘쫑무침120G,3500
반찬단지)명이나물120G,3500
반찬단지)간장알마늘120G,2500
반찬단지)깻잎무침120G,2500
반찬단지)무말랭이무침120G,2500
오리온)오그래놀라카카오미니12G,400
오리온)오!그래놀라바검은콩1200,1200
오리온)오!그래놀라바단호박1200,1200
오리온)오!그래놀라바무화과1200,1200
오리온)오!그래놀라바카카오1200,1200
해표)김이봉10G,1000
대상)진간장500ML,3700
대상)양조간장500ML,4600
대상)국간장500ML,4900
안주야)간장도가니스지150G,6400
안주야)매콤껍데기150G,6400
안주야)매콤제육오돌뼈150G,6400
안주야)통마늘모듬곱창150G,6400
대상)도가니탕450G,6400
대상)소머리곰탕450G,6400
유어스)김치볶음80G,1100
유어스)소고기미역국500G,4500
유어스)시원한황태해장국500G,4500
유어스)얼큰한육개장500G,4500
삼양)불닭마요소스250G,5000
삼양)불닭맛장200G,5000
삼양)불닭소스200G,5000
씨알로)스포츠파워바43G,1500
씨알로)식물성단백질바43G,1500
동원)양반명품김자반50G,3900
동원)양반김(들기름김)5G,600
동원)양반전통김17G,1500
동원)양반도가니설렁탕460G,6500
동원)양반수라진순대국460G,6500
동원)양반왕갈비탕460G,6500
동원)양반우거지감자탕460G,6500
동원)양반차돌된장찌개460G,6500
동원)양반소고기미역국460G,4500
동원)양반차돌육개장460G,4500
동원)양반통다리삼계탕460G,8000
동원)양반쇠고기큰죽404G,4500
동원)양반야채큰죽404G,4500
동원)양반전복큰죽404G,4500
동원)단백질바오리지널30G,1800
동원)단백질바초코로핀30G,1800
오뚜기)LA갈비덮밥(컵밥),4500
오뚜기)매콤낙지덮밥(컵밥),4500
오뚜기)소시지카레덮밥(컵밥),4500
오뚜기)수원식갈비탕밥311G(컵밥,4500
오뚜기)제육덮밥(컵밥),4500
오뚜기)중화XO게살덮밥(컵밥),4500
오뚜기)중화팔보채덮밥(컵밥),4500
오뚜기)차돌강된장보리밥(컵밥),4500
오뚜기)참치마요덮밥(컵밥),4500
오뚜기)톡톡김치알밥(컵밥),4500
유어스(P)황제컵밥(컵밥),4500
유어스)템플산채비빔밥259G,4500
유어스)동파육200G,5900
유어스)장충동불족발180G,5900
오뚜기)열떡볶이194G,3500
오뚜기)사골곰탕500G,1900
동원)리챔340G,6800
동원)리챔200G,5500
동원)매운리챔200G,5500
동원)트러플리챔200G,5500
동원)리챔120G,3500
동원)고추참치150G,4000
동원)김치찌개참치150G,4000
동원)매운고추참치150G,4000
동원)야채참치150G,4000
동원)참치크래커(고소한맛),4000
라벨리)레드멜론빙수280ML,3000
라벨리)세부망고빙수280ML,3000
라벨리)수박화채빙수280ML,3000
라벨리)인절미빙수280ML,3000
라벨리)팥빙수280ml,3000
오레오아이스크림샌드,3000
골드스타)인절미밀크파르페320ML,2500
곰표)밀눈아이스크림콘150ML,2500
라베스트)갤러초코콘160ML,2500
라베스트)그릭요거콘160ML,2500
라베스트)리치치즈케이크콘,2500
라베스트)민트초코콘,2500
롯데푸드)라베스트체리콘160ML,2500
샤오메이)흑당버블아이스바,2500
유어스(P)크런키초코2500,2500
제주에어)제주녹차초코소프트콘,2500
타이거슈가)흑당버블아이스바,2500
허쉬)라이트초코앤바닐라콘150ML,2500
허쉬)초코앤쿠키콘,2500
로투스)비스코프바90ML,2000
로투스)에스프레소마끼야또바,2000
빙)끌레도르쿠키앤크림바90ML,2000
빙그레)끌레도르쿠키앤초코90ML,2000
서주)카카오바90ML,1800
서주푸드)블랑에누아120ML,1800
유어스(P)연세우유콘150ML,1800
서주푸드)롤링바90ML,1500
유어스(P)요구르트딸기바80ML,1500
유어스)감동란쌍란바90ML,1500
유어스)밀크카우바90ML,1500
유어스)밀크카우바딸기90ML,1500
라벨리)양갱바80ML,1200
롯데)빼빼로바크런키80ML,1200
롯데)앙꼬바녹차70ML,1200
롯데푸드)빠삐코딸기130ML,1200
야쿠르트)얼려있는야쿠르트125ML,1200
유어스)탱크보이소다120ML,1200
해태)용암수아이스레몬120ML,1200
라벨리)더블팅,1000
롯데)옥동자70ML,1000
롯데푸드)돼지바블랙70ML,1000
롯데푸드)돼지바핑크70ML,1000
롯데푸드)초코퍼지크런치바70ML,1000
해태)둘둘바믹스베리요거트70ML,1000
해태)바밤바65ML,1000
해태)쌍쌍바67ML,1000
빙그레)끌레도르클린라벨초코,11600
빙그레)끌레도르클린라벨커피474,11600
하겐)그린티아몬드바80ML,4800
하겐)녹차미니컵,4800
하겐)다크초코릿가나슈미니컵,4800
하겐)딸기미니컵,4800
하겐)마카다미아넛브리틀바,4800
하겐)바닐라미니컵,4800
하겐)바닐라카라멜아몬드바80ML,4800
하겐)벨지안초코미니컵,4800
하겐)벨지안초콜릿&헤이즐넛바,4800
하겐)솔티카라멜카푸치노미니컵,4800
하겐)스트로베리앤크림바,4800
하겐)초콜릿촉아몬드바80ML,4800
하겐)쿠키앤크림미니컵100ML,4800
하겐)쿠키앤크림바,4800
하겐)크리스피샌드(녹차),4800
하겐)트위스트딸기초코릿미니컵,4800
하겐)트위스트바닐라초코미니컵,4800
하겐)트위스트초콜릿딸기바80ML,4800
하겐)녹차파인트,12900
하겐)다크초코릿가나슈파인트,12900
하겐)딸기파인트,12900
하겐)마카다미아파인트,12900
하겐)바닐라파인트,12900
하겐)바닐라피칸파인트473ML,12900
하겐)벨지안초콜릿&헤이즐넛파인,12900
하겐)솔티카라멜카푸치노파인트,12900
하겐)쵸코렛파인트,12900
하겐)쿠키앤크림파인트,12900
하겐)트위스트초코딸기파인트,12900
하겐)트위스트초코바닐라파인트,12900
하겐)피넛버터크런치파인트474ML,12900
쏘피)볼록맞춤중형4P,1550
미쟝센)퍼펙트세럼트리트먼트,7500
해피)어성초모공클렌징폼200G,4500
LIF)옥수수밀크180ML,1100
담양올밀크)또요150G,1800
포인트)올인원클렌징티슈20P,2700
심플리쿡)매콤로제돼지찜210G,6900
심플리쿡)치킨스테이크230G,5900
심플리쿡)통목살스테이크180G,5900
뉴트로지나)딥클린포밍클렌저50G,5000
존슨즈베이비오일125ML,6000
존슨즈화이트후레쉬로션100ML,6000
뉴트로지나)딥클린포밍클렌100G,8900
뉴트로지나)아크네포밍클렌저100,10400
갸스비)매트&하드스프레이200ML,8500
갸스비)셋앤킵스프레이263ML,8500
심플리쿡)반반연탄불고기,6900
심플리쿡)연탄불닭목살구이,7900
심플리쿡)쭈꾸미삼겹살190G,7900
심플리쿡)감바스170G,6900
벡셀)알카라인AAA6+2입,7000
벡셀)알카라인AA6+2입,7000
네츄럴코어)펫도시락(애묘)60G,1900
네츄럴코어)펫도시락(애견)56G,1900
유어스)동물농장황태슬라이스,3300
동원)뉴트리플랜흰살참치와멸치,1500
동원)뉴트리플랜흰살참치와치즈,1500
동원)애묘캔-흰살참치와닭가슴살,1500
동원)애묘파우치(참치와연어)80G,1500
유어스)동물농장애묘습식(멸치),1500
유어스)동물농장애묘습식(참치),1500
골드로니)순살스틱4P(닭가슴살),3600
골드로니)순살스틱4P(연어),3600
골드로니)순살스틱4P(오리안심),3600
동물농장)한우콜라겐껌35G,3900
고양이)치킨어포샌드위치30G,2000
고양이)캣닙치킨슬라이스27G,2000
클)퍼피아이치킨슬라이스45G,2300
MAC)바이오스포츠양말(흰색),4000
ZK)여성풋커버검정,4500
ZK)여성풋커버살구,4500
고양이)캣닙치킨슬라이스27G,2000
클)퍼피아이치킨슬라이스45G,2300
MAC)바이오스포츠양말(흰색),4000
ZK)여성풋커버검정,4500
ZK)여성풋커버살구,4500
고양이)캣닙치킨슬라이스27G,2000
클)퍼피아이치킨슬라이스45G,2300
MAC)바이오스포츠양말(흰색),4000
ZK)여성풋커버검정,4500
ZK)여성풋커버살구,4500
고양이)캣닙치킨슬라이스27G,2000
클)퍼피아이치킨슬라이스45G,2300
MAC)바이오스포츠양말(흰색),4000
ZK)여성풋커버검정,4500
ZK)여성풋커버살구,4500
고양이)캣닙치킨슬라이스27G,2000
클)퍼피아이치킨슬라이스45G,2300
MAC)바이오스포츠양말(흰색),4000
ZK)여성풋커버검정,4500
ZK)여성풋커버살구,4500
고양이)캣닙치킨슬라이스27G,2000
클)퍼피아이치킨슬라이스45G,2300
MAC)바이오스포츠양말(흰색),4000
ZK)여성풋커버검정,4500
ZK)여성풋커버살구,4500
고양이)캣닙치킨슬라이스27G,2000
클)퍼피아이치킨슬라이스45G,2300
MAC)바이오스포츠양말(흰색),4000
ZK)여성풋커버검정,4500
ZK)여성풋커버살구,4500
고양이)캣닙치킨슬라이스27G,2000
클)퍼피아이치킨슬라이스45G,2300
MAC)바이오스포츠양말(흰색),4000
ZK)여성풋커버검정,4500
ZK)여성풋커버살구,4500
고양이)캣닙치킨슬라이스27G,2000
클)퍼피아이치킨슬라이스45G,2300
MAC)바이오스포츠양말(흰색),4000
ZK)여성풋커버검정,4500
ZK)여성풋커버살구,4500
고양이)캣닙치킨슬라이스27G,2000
클)퍼피아이치킨슬라이스45G,2300
MAC)바이오스포츠양말(흰색),4000
ZK)여성풋커버검정,4500
ZK)여성풋커버살구,4500
고양이)캣닙치킨슬라이스27G,2000
클)퍼피아이치킨슬라이스45G,2300
MAC)바이오스포츠양말(흰색),4000
ZK)여성풋커버검정,4500
ZK)여성풋커버살구,4500
고양이)캣닙치킨슬라이스27G,2000
클)퍼피아이치킨슬라이스45G,2300
MAC)바이오스포츠양말(흰색),4000
ZK)여성풋커버검정,4500
ZK)여성풋커버살구,4500
고양이)캣닙치킨슬라이스27G,2000
클)퍼피아이치킨슬라이스45G,2300
MAC)바이오스포츠양말(흰색),4000
ZK)여성풋커버검정,4500
ZK)여성풋커버살구,4500
고양이)캣닙치킨슬라이스27G,2000
클)퍼피아이치킨슬라이스45G,2300
MAC)바이오스포츠양말(흰색),4000
ZK)여성풋커버검정,4500
ZK)여성풋커버살구,4500
고양이)캣닙치킨슬라이스27G,2000
클)퍼피아이치킨슬라이스45G,2300
MAC)바이오스포츠양말(흰색),4000
ZK)여성풋커버검정,4500
ZK)여성풋커버살구,4500
고양이)캣닙치킨슬라이스27G,2000
클)퍼피아이치킨슬라이스45G,2300
MAC)바이오스포츠양말(흰색),4000
ZK)여성풋커버검정,4500
ZK)여성풋커버살구,4500
고양이)캣닙치킨슬라이스27G,2000
클)퍼피아이치킨슬라이스45G,2300
MAC)바이오스포츠양말(흰색),4000
ZK)여성풋커버검정,4500
ZK)여성풋커버살구,4500
고양이)캣닙치킨슬라이스27G,2000
클)퍼피아이치킨슬라이스45G,2300
MAC)바이오스포츠양말(흰색),4000
ZK)여성풋커버검정,4500
ZK)여성풋커버살구,4500
고양이)캣닙치킨슬라이스27G,2000
클)퍼피아이치킨슬라이스45G,2300
MAC)바이오스포츠양말(흰색),4000
ZK)여성풋커버검정,4500
ZK)여성풋커버살구,4500
고양이)캣닙치킨슬라이스27G,2000
클)퍼피아이치킨슬라이스45G,2300
MAC)바이오스포츠양말(흰색),4000
ZK)여성풋커버검정,4500
ZK)여성풋커버살구,4500
고양이)캣닙치킨슬라이스27G,2000
클)퍼피아이치킨슬라이스45G,2300
MAC)바이오스포츠양말(흰색),4000
ZK)여성풋커버검정,4500
ZK)여성풋커버살구,4500
고양이)캣닙치킨슬라이스27G,2000
클)퍼피아이치킨슬라이스45G,2300
MAC)바이오스포츠양말(흰색),4000
ZK)여성풋커버검정,4500
ZK)여성풋커버살구,4500
고양이)캣닙치킨슬라이스27G,2000
클)퍼피아이치킨슬라이스45G,2300
MAC)바이오스포츠양말(흰색),4000
ZK)여성풋커버검정,4500
ZK)여성풋커버살구,4500
고양이)캣닙치킨슬라이스27G,2000
클)퍼피아이치킨슬라이스45G,2300
MAC)바이오스포츠양말(흰색),4000
ZK)여성풋커버검정,4500
ZK)여성풋커버살구,4500
고양이)캣닙치킨슬라이스27G,2000
클)퍼피아이치킨슬라이스45G,2300
MAC)바이오스포츠양말(흰색),4000
ZK)여성풋커버검정,4500
ZK)여성풋커버살구,4500
고양이)캣닙치킨슬라이스27G,2000
클)퍼피아이치킨슬라이스45G,2300
MAC)바이오스포츠양말(흰색),4000
ZK)여성풋커버검정,4500
ZK)여성풋커버살구,4500
고양이)캣닙치킨슬라이스27G,2000
클)퍼피아이치킨슬라이스45G,2300
MAC)바이오스포츠양말(흰색),4000
ZK)여성풋커버검정,4500
ZK)여성풋커버살구,4500
